-- Fill GSlate DB

INSERT INTO TBL_USER(ID, FIRST_NAME, LAST_NAME)VALUES(123456789,'Isabella','Mijares')
INSERT INTO TBL_USER(ID, FIRST_NAME, LAST_NAME)VALUES(987654321,'Leonora','Jimenez');
INSERT INTO TBL_USER(ID, FIRST_NAME, LAST_NAME)VALUES(123789654,'Rene','Rana');

INSERT INTO TBL_PROJECT(ID, START_DATE, END_DATE, CREDITS) VALUES(0,'2019-10-05 00:00:00','2020-10-05 00:00:00', 5000)
INSERT INTO TBL_PROJECT(ID, START_DATE, END_DATE, CREDITS) VALUES(1,'2018-11-11 00:00:00','2019-11-11 00:00:00', 40000);
INSERT INTO TBL_PROJECT(ID, START_DATE, END_DATE, CREDITS)VALUES(2,'2017-12-01 00:00:00','2018-12-01 00:00:00', 8000000);
INSERT INTO TBL_PROJECT(ID, START_DATE, END_DATE, CREDITS)VALUES(3,'2020-01-01 00:00:00','2022-01-01 00:00:00', 9999999);

INSERT INTO TBL_USER_PROJECT(USER_ID, PROJECT_ID, IS_ACTIVE, ASSIGNED_DATE)VALUES(123456789,0,1,'2019-10-08 00:00:00');
INSERT INTO TBL_USER_PROJECT(USER_ID, PROJECT_ID, IS_ACTIVE, ASSIGNED_DATE) VALUES(123456789, 1, 1,'2020-02-01 00:00:00');
INSERT INTO TBL_USER_PROJECT(USER_ID, PROJECT_ID, IS_ACTIVE, ASSIGNED_DATE) VALUES(987654321,1,1,'2019-01-06 00:00:00');
INSERT INTO TBL_USER_PROJECT(USER_ID, PROJECT_ID, IS_ACTIVE, ASSIGNED_DATE)VALUES(987654321,2,0,'2017-12-31 00:00:00');
INSERT INTO TBL_USER_PROJECT(USER_ID, PROJECT_ID, IS_ACTIVE, ASSIGNED_DATE) VALUES(123789654,2,0,'2018-09-07 00:00:00');
INSERT INTO TBL_USER_PROJECT(USER_ID, PROJECT_ID, IS_ACTIVE, ASSIGNED_DATE) VALUES(123789654,3,1,'2020-05-05 00:00:00');
INSERT INTO TBL_USER_PROJECT(USER_ID, PROJECT_ID, IS_ACTIVE, ASSIGNED_DATE) VALUES(123456789,2,0,'2018-06-06 00:00:00');
INSERT INTO TBL_USER_PROJECT (USER_ID, PROJECT_ID, IS_ACTIVE, ASSIGNED_DATE)VALUES(123789654,0,1,'2019-10:05 00:00:00');